OBJECTID,SUBZONE_NO,SUBZONE_N,SUBZONE_C,CA_IND,PLN_AREA_N,PLN_AREA_C,REGION_N,REGION_C,INC_CRC,FMEL_UPD_D,X_ADDR,Y_ADDR,SHAPE_Leng,SHAPE_Area
1,1,MARINA SOUTH,MSSZ01,Y,MARINA SOUTH,MS,CENTRAL REGION,CR,5ED7EB253F99252E,2014/12/05,31595.83570000000,29220.18730000000,5267.38102360000,1630379.26799999992
2,1,PEARL'S HILL,OTSZ01,Y,OUTRAM,OT,CENTRAL REGION,CR,8C7149B9EB32EEFC,2014/12/05,28679.06340000000,29782.05190000000,3506.10737550000,559816.24544900004
3,3,BOAT QUAY,SRSZ03,Y,SINGAPORE RIVER,SR,CENTRAL REGION,CR,C35FEFF02B13E0E5,2014/12/05,29654.95940000000,29974.65530000000,1740.92576616000,160807.49772900000
4,8,HENDERSON HILL,BMSZ08,N,BUKIT MERAH,BM,CENTRAL REGION,CR,3775D82C5DDBEFBD,2014/12/05,26782.82610000000,29933.76510000000,3313.62490378000,595428.88596800005
5,3,REDHILL,BMSZ03,N,BUKIT MERAH,BM,CENTRAL REGION,CR,85D9ABEF0A40678F,2014/12/05,26201.95800000000,30005.70350000000,2825.59409872000,387429.43996400002
6,7,ALEXANDRA HILL,BMSZ07,N,BUKIT MERAH,BM,CENTRAL REGION,CR,9D286521EF5E3B59,2014/12/05,25358.82080000000,29991.38420000000,4428.91343557000,1030378.78602999996
7,9,BUKIT HO SWEE,BMSZ09,N,BUKIT MERAH,BM,CENTRAL REGION,CR,7839A8577144EFE2,2014/12/05,27680.06270000000,30230.86100000000,3275.31248846000,551732.04949400004
8,2,CLARKE QUAY,SRSZ02,Y,SINGAPORE RIVER,SR,CENTRAL REGION,CR,48661DC0FBA09F7A,2014/12/05,29253.20730000000,30222.86450000000,2208.61929874000,290184.65268599999
9,13,PASIR PANJANG 1,QTSZ13,N,QUEENSTOWN,QT,CENTRAL REGION,CR,1F721290C421BFAB,2014/12/05,22077.33830000000,29893.78120000000,6571.32308202000,1084792.32058999990
10,7,QUEENSWAY,QTSZ07,N,QUEENSTOWN,QT,CENTRAL REGION,CR,3580D2AFFBEE914C,2014/12/05,24168.31060000000,30104.17680000000,3454.23928341000,631644.28929800005
11,12,KENT RIDGE,QTSZ12,N,QUEENSTOWN,QT,CENTRAL REGION,CR,601BA309A1AAC731,2014/12/05,23464.84090000000,29725.37060000000,7439.54765630000,1826848.56058000005
12,6,ALEXANDRA NORTH,BMSZ06,N,BUKIT MERAH,BM,CENTRAL REGION,CR,4DC4BF8D86594CBF,2014/12/05,26548.25070000000,30519.39220000000,2907.05146074000,293706.39880400000
13,1,MARINA EAST,MESZ01,Y,MARINA EAST,ME,CENTRAL REGION,CR,782A2FAF53029A34,2014/12/05,32344.04890000000,30103.24950000000,6470.94964274000,1844060.67467999994
14,5,INSTITUTION HILL,RVSZ05,Y,RIVER VALLEY,RV,CENTRAL REGION,CR,C3C22D1EE31757BD,2014/12/05,28465.39990000000,30711.21790000000,2842.52550488000,392563.33976000000
15,1,ROBERTSON QUAY,SRSZ01,Y,SINGAPORE RIVER,SR,CENTRAL REGION,CR,DF71BB5EC3C9FFD1,2014/12/05,28416.84770000000,30409.36070000000,4995.75811436000,506588.95975099999
16,1,JURONG ISLAND AND BUKOM,WISZ01,N,WESTERN ISLANDS,WI,WEST REGION,WR,699F7210FBF1AFA8,2014/12/05,13012.88050000000,27225.86740000000,68083.93647080001,36707720.91879999638
17,3,SUDONG,WISZ03,N,WESTERN ISLANDS,WI,WEST REGION,WR,F718C723E08FBD51,2014/12/05,15931.75860000000,19579.06900000000,24759.06579730000,4207271.09353000019
18,2,SEMAKAU,WISZ02,N,WESTERN ISLANDS,WI,WEST REGION,WR,E69207D4F76DEEA3,2014/12/05,21206.33380000000,20465.80750000000,18703.68114040000,4963787.10446999967
19,2,SOUTHERN GROUP,SISZ02,N,SOUTHERN ISLANDS,SI,CENTRAL REGION,CR,5809FC547293EA2D,2014/12/05,29815.09000000000,23412.58660000000,25626.97718970000,2206319.45626999997
20,1,SENTOSA,SISZ01,N,SOUTHERN ISLANDS,SI,CENTRAL REGION,CR,A6FCDC9C447952CB,2014/12/05,27593.93930000000,25813.35460000000,17496.19373690000,4919132.36978000030
21,17,CITY TERMINALS,BMSZ17,N,BUKIT MERAH,BM,CENTRAL REGION,CR,9711879901A8487F,2014/12/05,28387.33880000000,27536.56710000000,16805.65550230000,3449640.60706999991
22,10,ANSON,DTSZ10,Y,DOWNTOWN CORE,DT,CENTRAL REGION,CR,4893F02202845C1D,2014/12/05,29145.35000000000,28466.77830000000,1586.10005898000,103238.48213900000
23,1,STRAITS VIEW,SVSZ01,Y,STRAITS VIEW,SV,CENTRAL REGION,CR,21451799CA1AB6EF,2014/12/05,30832.90170000000,28194.08430000000,5277.76082729000,1127297.23736999999
24,1,MARITIME SQUARE,BMSZ01,N,BUKIT MERAH,BM,CENTRAL REGION,CR,C1AC31ABF9978DDB,2014/12/05,25805.78670000000,27911.41930000000,13737.11618100000,2701634.33974999981
25,14,TELOK BLANGAH WAY,BMSZ14,N,BUKIT MERAH,BM,CENTRAL REGION,CR,0F0735F1BDDF53C7,2014/12/05,26570.51730000000,28871.89220000000,2290.22726176000,276826.81246099999
26,7,MAXWELL,DTSZ07,Y,DOWNTOWN CORE,DT,CENTRAL REGION,CR,CB2D9FC5CAB792B1,2014/12/05,29392.04780000000,29096.75390000000,1419.80185707000,63664.96676670000
27,8,CECIL,DTSZ08,Y,DOWNTOWN CORE,DT,CENTRAL REGION,CR,65AA82AF6F4D925D,2014/12/05,29730.19830000000,29011.32840000000,2116.09466694000,196619.86318700001
28,11,KAMPONG TIONG BAHRU,BMSZ11,N,BUKIT MERAH,BM,CENTRAL REGION,CR,CF28DD4E7898CC7B,2014/12/05,27335.83050000000,28979.77310000000,3304.06046472000,365333.42619099998
29,13,TELOK BLANGAH DRIVE,BMSZ13,N,BUKIT MERAH,BM,CENTRAL REGION,CR,54A4BD5ABBBDC5A8,2014/12/05,25280.26120000000,28791.46060000000,5317.78168432000,1454827.64583999990
30,14,PASIR PANJANG 2,QTSZ14,N,QUEENSTOWN,QT,CENTRAL REGION,CR,C6E665749CEADED6,2014/12/05,23692.63850000000,28894.40990000000,5797.23131893000,853206.57172400004
31,11,CENTRAL SUBZONE,DTSZ11,Y,DOWNTOWN CORE,DT,CENTRAL REGION,CR,8EFE9EC1AEF2DA0A,2014/12/05,30125.83670000000,28683.03990000000,5002.01615114000,1070723.25634999992
32,5,SINGAPORE GENERAL HOSPITAL,BMSZ05,N,BUKIT MERAH,BM,CENTRAL REGION,CR,91630902E00FD7B9,2014/12/05,28147.22100000000,29131.03680000000,2915.28204786000,533017.39073300001
33,12,DEPOT ROAD,BMSZ12,N,BUKIT MERAH,BM,CENTRAL REGION,CR,102DDFE3D40A95C9,2014/12/05,25244.20710000000,29407.09400000000,4281.17268085000,442502.82759100001
34,2,PEOPLE'S PARK,OTSZ02,Y,OUTRAM,OT,CENTRAL REGION,CR,B4120D23006C932A,2014/12/05,28831.78070000000,29419.64570000000,1822.19271780000,93140.43764220001
35,2,BUKIT MERAH,BMSZ02,N,BUKIT MERAH,BM,CENTRAL REGION,CR,1C51019439A68700,2014/12/05,26360.79900000000,29384.14290000000,3074.96323452000,411722.82258300000
36,3,CHINATOWN,OTSZ03,Y,OUTRAM,OT,CENTRAL REGION,CR,0FF1661344C84AED,2014/12/05,29153.96760000000,29158.04430000000,4297.59991003000,587222.67885400006
37,4,PHILLIP,DTSZ04,Y,DOWNTOWN CORE,DT,CENTRAL REGION,CR,615D4EDDEF809F8E,2014/12/05,29706.72420000000,29744.90790000000,871.55488779800,39437.93527030000
38,5,RAFFLES PLACE,DTSZ05,Y,DOWNTOWN CORE,DT,CENTRAL REGION,CR,72107B11807074F4,2014/12/05,29968.61750000000,29572.76180000000,1872.75216120000,188767.48970599999
39,4,CHINA SQUARE,OTSZ04,Y,OUTRAM,OT,CENTRAL REGION,CR,B609DF5587626C8F,2014/12/05,29509.64370000000,29646.44950000000,1605.27969734000,133006.93601199999
40,10,TIONG BAHRU,BMSZ10,N,BUKIT MERAH,BM,CENTRAL REGION,CR,A0FB4B68155D164A,2014/12/05,27785.67200000000,29590.39510000000,3303.21489952000,448127.58444100001
41,12,BAYFRONT SUBZONE,DTSZ12,Y,DOWNTOWN CORE,DT,CENTRAL REGION,CR,197F5E664DA4D5E1,2014/12/05,30806.24180000000,29530.16700000000,2897.12642569000,521200.52237600001
42,4,TIONG BAHRU STATION,BMSZ04,N,BUKIT MERAH,BM,CENTRAL REGION,CR,91FFE927ABE3E4DB,2014/12/05,27277.46980000000,29607.02370000000,2506.68791910000,350787.56142099999
43,6,CLIFFORD PIER,DTSZ06,Y,DOWNTOWN CORE,DT,CENTRAL REGION,CR,945CC212CA80626F,2014/12/05,30379.50410000000,29776.43340000000,2405.99092471000,261843.89681599999
44,5,MARINA EAST (MP),MPSZ05,N,MARINE PARADE,MP,CENTRAL REGION,CR,1575868DF0D30E32,2014/12/05,33715.69750000000,30512.24760000000,6657.15139269000,1590339.79554000008
45,3,MARINA CENTRE,DTSZ03,Y,DOWNTOWN CORE,DT,CENTRAL REGION,CR,2AB099523A1AEAD5,2014/12/05,30938.09850000000,30471.82670000000,4047.11116872000,886954.80920000002
46,3,BRAS BASAH,MUSZ03,Y,MUSEUM,MU,CENTRAL REGION,CR,5A1130F73E65C2D7,2014/12/05,29793.09310000000,30958.09520000000,2348.65717267000,223206.60318700000
47,4,OXLEY,RVSZ04,Y,RIVER VALLEY,RV,CENTRAL REGION,CR,5A22C0945D1794D2,2014/12/05,28802.35550000000,31053.67170000000,1989.48702648000,200052.68482699999
48,2,CITY HALL,DTSZ02,Y,DOWNTOWN CORE,DT,CENTRAL REGION,CR,C3663E9926627289,2014/12/05,30209.07360000000,30536.50790000000,4544.16984709000,710568.70293799997
49,6,MEI CHIN,QTSZ06,N,QUEENSTOWN,QT,CENTRAL REGION,CR,F15BD95C8778DC31,2014/12/05,24651.06930000000,30651.13400000000,3580.44285697000,748683.99586300005
50,4,EAST COAST,MPSZ04,N,MARINE PARADE,MP,CENTRAL REGION,CR,768CE19AACFCB9EB,2014/12/05,36386.52610000000,31338.90160000000,5333.00867129000,591778.99973299995
51,11,NATIONAL UNIVERSITY OF S'PORE,QTSZ11,N,QUEENSTOWN,QT,CENTRAL REGION,CR,247B3009E9665A6E,2014/12/05,21688.92430000000,30930.12130000000,5625.41689089000,1755950.43882000004
52,1,ONE TREE HILL,RVSZ01,Y,RIVER VALLEY,RV,CENTRAL REGION,CR,0FF5E50B9581D2BE,2014/12/05,27315.55920000000,31563.79680000000,2464.41309401000,340743.34164499998
53,3,SOMERSET,ORSZ03,Y,ORCHARD,OR,CENTRAL REGION,CR,F70C32D861DD6CA5,2014/12/05,28626.56110000000,31494.90480000000,3039.80523249000,329437.93320000003
54,9,BENCOOLEN,RCSZ09,Y,ROCHOR,RC,CENTRAL REGION,CR,CF8BBFA03E1B0246,2014/12/05,29999.06260000000,31594.59400000000,1916.09754822000,170664.30451700001
55,3,LEONIE HILL,RVSZ03,Y,RIVER VALLEY,RV,CENTRAL REGION,CR,29BCAA5838A4EAC0,2014/12/05,28082.93970000000,31145.10790000000,2676.35256334000,368482.98826000001
56,15,PORT,QTSZ15,N,QUEENSTOWN,QT,CENTRAL REGION,CR,543ED13CCC907021,2014/12/05,21576.07650000000,28788.21720000000,23438.81853600000,7601893.99531999975
57,1,DHOBY GHAUT,MUSZ01,Y,MUSEUM,MU,CENTRAL REGION,CR,AD3DE26295353551,2014/12/05,29320.07350000000,31245.74830000000,2584.78830957000,221973.34182700000
58,1,BUGIS,DTSZ01,Y,DOWNTOWN CORE,DT,CENTRAL REGION,CR,E042FEB6C937D5A5,2014/12/05,30528.33470000000,31278.46440000000,2658.88164763000,280174.76669600001
59,10,VICTORIA,RCSZ10,Y,ROCHOR,RC,CENTRAL REGION,CR,DD1436D810825828,2014/12/05,30189.21010000000,31335.72520000000,2093.77023342000,214250.29812799999
60,2,PATERSON,RVSZ02,Y,RIVER VALLEY,RV,CENTRAL REGION,CR,350FD169665248C4,2014/12/05,27809.31710000000,31511.37330000000,1753.92708041000,173121.77361999999
61,15,TELOK BLANGAH RISE,BMSZ15,N,BUKIT MERAH,BM,CENTRAL REGION,CR,92F3596780DFCCEA,2014/12/05,27029.96380000000,28501.66490000000,3713.83818129000,533671.25313600001
62,9,TANJONG PAGAR,DTSZ09,Y,DOWNTOWN CORE,DT,CENTRAL REGION,CR,4FFE6642FB35D40A,2014/12/05,29397.83100000000,28706.35150000000,1787.71045089000,145518.66386800000
63,16,EVERTON PARK,BMSZ16,N,BUKIT MERAH,BM,CENTRAL REGION,CR,CF9CAD50B0D9A528,2014/12/05,28333.57710000000,28602.99260000000,3776.68338771000,635704.05666700006
64,4,TANGLIN HALT,QTSZ04,N,QUEENSTOWN,QT,CENTRAL REGION,CR,5903D38684211B10,2014/12/05,23925.44080000000,31512.78570000000,3556.22909388000,503220.75138700003
65,6,MACKENZIE,RCSZ06,Y,ROCHOR,RC,CENTRAL REGION,CR,D51BAF9568A828F4,2014/12/05,29680.01820000000,32062.92630000000,1216.48063087000,55681.28248330000
66,3,SUNGEI ROAD,RCSZ03,Y,ROCHOR,RC,CENTRAL REGION,CR,31DE89B5FC57F46A,2014/12/05,30601.34450000000,32003.10280000000,1727.96350256000,116329.99656499999
67,8,ONE NORTH,QTSZ08,N,QUEENSTOWN,QT,CENTRAL REGION,CR,D437A9A68F04D2D4,2014/12/05,23299.24370000000,31176.16050000000,6591.90791444000,2051652.62174000009
68,5,TANJONG RHU,KLSZ05,N,KALLANG,KL,CENTRAL REGION,CR,928DCE8E44F904C8,2014/12/05,32740.12080000000,31438.30840000000,6515.75857503000,2434594.02911000000
69,1,MOUNTBATTEN,MPSZ01,N,MARINE PARADE,MP,CENTRAL REGION,CR,A9F9036C2E4F7623,2014/12/05,34449.70440000000,31557.74460000000,5430.26706103000,1713623.00463999994
70,3,COMMONWEALTH,QTSZ03,N,QUEENSTOWN,QT,CENTRAL REGION,CR,2423D1D91E730899,2014/12/05,24278.77090000000,31919.97000000000,2713.42997115000,310513.64737399999
71,10,DOVER,QTSZ10,N,QUEENSTOWN,QT,CENTRAL REGION,CR,D79DDCEC02F8DF37,2014/12/05,22015.53240000000,31800.52470000000,5637.72200807000,1386643.31587999989
72,3,RIDOUT,TNSZ03,N,TANGLIN,TN,CENTRAL REGION,CR,664D9D93F09E7CD1,2014/12/05,25568.30770000000,31752.66860000000,6450.97287923000,1951865.75496000005
73,4,CAIRNHILL,NTSZ04,Y,NEWTON,NT,CENTRAL REGION,CR,8B79CA72836AD7A6,2014/12/05,28482.66720000000,32108.19190000000,3853.90042330000,452471.83181900001
74,8,CLEMENTI WEST,CLSZ08,N,CLEMENTI,CL,WEST REGION,WR,22F5FFEEEB8E5284,2014/12/05,20184.35080000000,31651.88340000000,5211.86752843000,697501.71434800001
75,6,TUAS VIEW EXTENSION,TSSZ06,N,TUAS,TS,WEST REGION,WR,D2A66C8A6232EA9A,2014/12/05,5092.89490000000,26137.87350000000,54928.09387420000,27710950.07539999858
76,5,MONK'S HILL,NTSZ05,Y,NEWTON,NT,CENTRAL REGION,CR,23972F8A61891E05,2014/12/05,28922.84560000000,32259.78560000000,2446.73341643000,171720.62073000000
77,7,SIGLAP,BDSZ07,N,BEDOK,BD,EAST REGION,ER,9483FA426FD007AE,2014/12/05,38435.46790000000,32101.88120000000,5436.89053335000,1097833.70301999990
78,7,CLEMENTI WOODS,CLSZ07,N,CLEMENTI,CL,WEST REGION,WR,F01FB50693FE0377,2014/12/05,20764.19800000000,31824.74210000000,5275.74935980000,1053493.74726999993
79,5,PIONEER SECTOR,PNSZ05,N,PIONEER,PN,WEST REGION,WR,F3241D6C0FEF13ED,2014/12/05,8872.75010000000,31423.44340000000,8489.98257786000,2796006.82811000012
80,10,PENJURU CRESCENT,JESZ10,N,JURONG EAST,JE,WEST REGION,WR,BC263278706376DE,2014/12/05,17651.30900000000,31799.61020000000,9876.04909187000,3049720.08234000020
81,1,ORANGE GROVE,NTSZ01,Y,NEWTON,NT,CENTRAL REGION,CR,136BF08C36E3A625,2014/12/05,27668.18410000000,32484.76400000000,2476.24629755000,336221.49409599998
82,4,KAMPONG BUGIS,KLSZ04,N,KALLANG,KL,CENTRAL REGION,CR,0524461C92F35D94,2014/12/05,32138.22160000000,32275.69070000000,4018.12762150000,741437.99224399996
83,2,BOULEVARD,ORSZ02,Y,ORCHARD,OR,CENTRAL REGION,CR,B26DFAF98B8F3E52,2014/12/05,27916.92710000000,31967.00640000000,4109.23134961000,460550.42984800000
84,6,ISTANA NEGARA,NTSZ06,Y,NEWTON,NT,CENTRAL REGION,CR,A2FE23F6A19B509D,2014/12/05,29226.82840000000,31963.28940000000,3730.34105430000,543483.68099000002
85,2,LITTLE INDIA,RCSZ02,Y,ROCHOR,RC,CENTRAL REGION,CR,BEC03B4580EB622F,2014/12/05,30307.51020000000,32122.99080000000,2203.28025819000,278303.54329599999
86,4,GUL BASIN,PNSZ04,N,PIONEER,PN,WEST REGION,WR,482D973AA378FFF0,2014/12/05,10327.42330000000,31746.76160000000,9465.22218290000,1769495.16100999992
87,2,FORT CANNING,MUSZ02,Y,MUSEUM,MU,CENTRAL REGION,CR,B3E02024E600E8BA,2014/12/05,29413.97180000000,30713.07230000000,2585.22940432000,385093.11344699998
88,8,FARRER COURT,BTSZ08,N,BUKIT TIMAH,BT,CENTRAL REGION,CR,709639180E81EC72,2014/12/05,24862.82170000000,33234.79510000000,4192.28952799000,558760.53159599996
89,5,TUAS VIEW,TSSZ05,N,TUAS,TS,WEST REGION,WR,AE9636556732D218,2014/12/05,5753.63370000000,31501.45490000000,11013.62448540000,5675810.84628999978
90,1,NASSIM,TNSZ01,N,TANGLIN,TN,CENTRAL REGION,CR,960862F1C1B08BFA,2014/12/05,27002.69280000000,32905.57600000000,6241.33287686000,2096085.23017999995
91,5,WEST COAST,CLSZ05,N,CLEMENTI,CL,WEST REGION,WR,0BE668D9B5368B3F,2014/12/05,19293.76250000000,33172.62280000000,3644.13182846000,722588.68370199995
92,8,BAYSHORE,BDSZ08,N,BEDOK,BD,EAST REGION,ER,9767E56D0C09A484,2014/12/05,40835.37700000000,32903.59650000000,8698.59695849000,2550461.67338000005
93,3,BENOI SECTOR,PNSZ03,N,PIONEER,PN,WEST REGION,WR,7CD74371F5BAD860,2014/12/05,11668.24410000000,33336.52670000000,6249.47706765000,2042630.98025000002
94,2,GUL CIRCLE,PNSZ02,N,PIONEER,PN,WEST REGION,WR,029BD940F4455194,2014/12/05,9693.97120000000,33074.42900000000,7268.45075202000,3260399.45892000012
95,2,CHATSWORTH,TNSZ02,N,TANGLIN,TN,CENTRAL REGION,CR,06B9FD8607810069,2014/12/05,26896.40190000000,31045.01870000000,5469.44109516000,1346152.77734000003
96,5,KAMPONG GLAM,RCSZ05,Y,ROCHOR,RC,CENTRAL REGION,CR,DCC789993ED54477,2014/12/05,30934.98900000000,31623.14830000000,1681.62699512000,171334.39197400000
97,8,SELEGIE,RCSZ08,Y,ROCHOR,RC,CENTRAL REGION,CR,E8FA232C5BEEA956,2014/12/05,29817.33040000000,31611.00390000000,1478.04996950000,49626.01833120000
98,7,MOUNT EMILY,RCSZ07,Y,ROCHOR,RC,CENTRAL REGION,CR,D8225E737A6496B4,2014/12/05,29583.25550000000,31639.48100000000,2301.23030004000,193992.34527799999
99,4,ROCHOR CANAL,RCSZ04,Y,ROCHOR,RC,CENTRAL REGION,CR,6DFA7E9068F7B4CE,2014/12/05,30693.78300000000,31819.13160000000,1686.00945279000,120171.32121400000
100,9,CRAWFORD,KLSZ09,N,KALLANG,KL,CENTRAL REGION,CR,97A1E6DEEC6C442D,2014/12/05,31396.89060000000,31457.28700000000,4634.78429572000,850853.91377400002
101,5,MARGARET DRIVE,QTSZ05,N,QUEENSTOWN,QT,CENTRAL REGION,CR,F7ADADFB700DFB84,2014/12/05,25202.76140000000,31065.97310000000,5969.64503933000,1026467.39275999996
102,1,TANGLIN,ORSZ01,Y,ORCHARD,OR,CENTRAL REGION,CR,876C892801F74239,2014/12/05,27162.87570000000,31905.73240000000,1864.48866532000,167537.06538399999
103,3,MARINE PARADE,MPSZ03,N,MARINE PARADE,MP,CENTRAL REGION,CR,44613908A004F20C,2014/12/05,36263.98270000000,31684.26560000000,6019.27909596000,1160017.47826000000
104,7,JURONG RIVER,JESZ07,N,JURONG EAST,JE,WEST REGION,WR,4B0C61FF99008ACC,2014/12/05,16367.55600000000,33519.99260000000,6612.90323098000,2560995.93712999998
105,2,GEYLANG BAHRU,KLSZ02,N,KALLANG,KL,CENTRAL REGION,CR,F1279A5E67F0E58D,2014/12/05,32110.06260000000,33765.67460000000,3745.03401723000,735502.22642399999
106,3,FABER,CLSZ03,N,CLEMENTI,CL,WEST REGION,WR,180FC14DBEF3A0A4,2014/12/05,19489.65590000000,33800.86620000000,4665.75598129000,948158.91354300000
107,3,MALCOLM,NVSZ03,N,NOVENA,NV,CENTRAL REGION,CR,554AD3E3224BB5DD,2014/12/05,28070.25840000000,33930.25680000000,5346.80971968000,1321089.88085999992
108,6,BEDOK SOUTH,BDSZ06,N,BEDOK,BD,EAST REGION,ER,1E89C4218E6421C2,2014/12/05,40379.42080000000,33744.22380000000,7811.58902531000,2997307.45855000010
109,1,BENDEMEER,KLSZ01,N,KALLANG,KL,CENTRAL REGION,CR,69C9F7CD6F08EA3A,2014/12/05,31175.95710000000,33827.94450000000,5603.00091056000,1376830.04526999989
110,1,BALESTIER,NVSZ01,N,NOVENA,NV,CENTRAL REGION,CR,779D071A741FD0DE,2014/12/05,29975.26390000000,34194.06760000000,6804.34101071000,1926622.00222999998
111,4,TUAS BAY,TSSZ04,N,TUAS,TS,WEST REGION,WR,B16AC41469AD9EB5,2014/12/05,6921.15880000000,33401.41890000000,10583.71112630000,3203306.03725000005
112,1,JOO KOON,PNSZ01,N,PIONEER,PN,WEST REGION,WR,B1041F5E831D2636,2014/12/05,10883.94660000000,34203.69590000000,8601.20281636000,2349378.26566000003
113,1,KALLANG WAY,GLSZ01,N,GEYLANG,GL,CENTRAL REGION,CR,C96E4D530743AF4C,2014/12/05,32761.49230000000,34229.71920000000,4055.20272344000,963198.87940300000
114,6,INTERNATIONAL BUSINESS PARK,JESZ06,N,JURONG EAST,JE,WEST REGION,WR,98C98587CD02475A,2014/12/05,18514.59950000000,34285.79720000000,3024.27583667000,485022.30640499998
115,1,TUKANG,BLSZ01,N,BOON LAY,BL,WEST REGION,WR,6CCF8637EBA7EA5E,2014/12/05,14192.46540000000,34209.55060000000,6899.99945558000,1881305.82857999997
116,6,CORONATION ROAD,BTSZ06,N,BUKIT TIMAH,BT,CENTRAL REGION,CR,5DB075FA57F73ADC,2014/12/05,24463.14900000000,34200.33390000000,5905.90419263000,1425083.17678999994
117,3,KEMBANGAN,BDSZ03,N,BEDOK,BD,EAST REGION,ER,528DB1419283465B,2014/12/05,37158.70150000000,34115.96830000000,6785.11170732000,2387277.53159999987
118,2,KATONG,MPSZ02,N,MARINE PARADE,MP,CENTRAL REGION,CR,55705659E2A91D11,2014/12/05,35680.90070000000,32176.35060000000,5062.81485069000,1078992.02527999994
119,2,HOLLAND DRIVE,QTSZ02,N,QUEENSTOWN,QT,CENTRAL REGION,CR,A29DC7655F65E7B3,2014/12/05,23711.43700000000,32294.77210000000,3420.32933726000,459546.28581700003
120,1,FARRER PARK,RCSZ01,Y,ROCHOR,RC,CENTRAL REGION,CR,710C13F4E3EDBBE6,2014/12/05,30093.41520000000,32386.21070000000,2540.96036282000,247887.63302099999
121,3,NEWTON CIRCUS,NTSZ03,Y,NEWTON,NT,CENTRAL REGION,CR,8B2F19EEE51EDA60,2014/12/05,28587.16260000000,32653.94280000000,2399.40729971000,213581.64204199999
122,9,JURONG PORT,JESZ09,N,JURONG EAST,JE,WEST REGION,WR,0664CA7EF6504AE5,2014/12/05,15250.74330000000,32183.91600000000,11355.00222430000,2464856.70116000017
123,3,SAMULUN,BLSZ03,N,BOON LAY,BL,WEST REGION,WR,F78E0287D3F24214,2014/12/05,13418.49220000000,32264.59330000000,8738.67938511000,1940693.42431999999
124,4,SHIPYARD,BLSZ04,N,BOON LAY,BL,WEST REGION,WR,274A049950D70524,2014/12/05,11970.14280000000,32202.38540000000,6422.04211201000,2118499.40876000002
125,1,GHIM MOH,QTSZ01,N,QUEENSTOWN,QT,CENTRAL REGION,CR,00F5E30B5C9B7AD8,2014/12/05,22899.18970000000,32579.93530000000,3223.64550359000,485046.92271700001
126,6,LAVENDER,KLSZ06,N,KALLANG,KL,CENTRAL REGION,CR,A7A07F328A38B6EF,2014/12/05,30874.40640000000,32569.52640000000,3609.15046338000,757907.61110200000
127,2,GOODWOOD PARK,NTSZ02,Y,NEWTON,NT,CENTRAL REGION,CR,254596A2516A7DBA,2014/12/05,28108.88070000000,32875.26700000000,2798.59850101000,351242.25360200001
128,9,PANDAN,CLSZ09,N,CLEMENTI,CL,WEST REGION,WR,A6EE4A49376B69C4,2014/12/05,19228.60330000000,32265.40100000000,5689.64694413000,1312922.68121000007
129,9,SINGAPORE POLYTECHNIC,QTSZ09,N,QUEENSTOWN,QT,CENTRAL REGION,CR,8E9608C7B3B27AD7,2014/12/05,21751.75100000000,32627.89470000000,4666.97006782000,946651.41864499997
130,6,CLEMENTI CENTRAL,CLSZ06,N,CLEMENTI,CL,WEST REGION,WR,B2C4E087B443854E,2014/12/05,20183.44960000000,32707.53940000000,3630.18922323000,748043.27672800003
131,7,KAMPONG JAVA,KLSZ07,N,KALLANG,KL,CENTRAL REGION,CR,B548D80BC47261CB,2014/12/05,29891.53110000000,32888.52970000000,4344.61217096000,1022292.30058000004
132,3,BOON KENG,KLSZ03,N,KALLANG,KL,CENTRAL REGION,CR,0D1D1759D7BC6D6C,2014/12/05,32338.32120000000,33018.76070000000,2972.11104541000,410994.54470199998
133,8,KALLANG BAHRU,KLSZ08,N,KALLANG,KL,CENTRAL REGION,CR,F605DD67E5154CFB,2014/12/05,31579.28890000000,32929.52760000000,3710.90460199000,839488.97718599997
134,4,ULU PANDAN,BTSZ04,N,BUKIT TIMAH,BT,CENTRAL REGION,CR,FF2AA0D68743AE28,2014/12/05,22210.50930000000,33177.22080000000,6626.66718328000,1228487.73417000007
135,5,JURONG GATEWAY,JESZ05,N,JURONG EAST,JE,WEST REGION,WR,857DAA77ED3346BF,2014/12/05,17912.97780000000,35033.90610000000,3096.98410990000,554623.67571700003
136,3,HOLLAND ROAD,BTSZ03,N,BUKIT TIMAH,BT,CENTRAL REGION,CR,12A4B25B07B14D08,2014/12/05,22485.01930000000,34364.28960000000,8185.19732328000,3392897.36359000020
137,3,KAMPONG UBI,GLSZ03,N,GEYLANG,GL,CENTRAL REGION,CR,12CC0A25547E67F9,2014/12/05,35039.54950000000,34647.26330000000,5573.53291765000,1878092.47785999998
138,11,SENNETT,TPSZ11,N,TOA PAYOH,TP,CENTRAL REGION,CR,323E7ABC6E27B92B,2014/12/05,32485.48980000000,35050.19650000000,3836.10579302000,867750.43733200000
139,9,POTONG PASIR,TPSZ09,N,TOA PAYOH,TP,CENTRAL REGION,CR,C54D6A4E4D1A775C,2014/12/05,31596.79900000000,35028.10430000000,3496.88166396000,639143.55935700005
140,3,TUAS NORTH,TSSZ03,N,TUAS,TS,WEST REGION,WR,1CD927A110152200,2014/12/05,7737.03290000000,34331.08510000000,7702.82494807000,3260150.85690000001
141,6,PEI CHUN,TPSZ06,N,TOA PAYOH,TP,CENTRAL REGION,CR,E896DA37D43AE86B,2014/12/05,30814.32820000000,35440.97030000000,2901.78941605000,411403.93712800002
142,4,BOON TECK,TPSZ04,N,TOA PAYOH,TP,CENTRAL REGION,CR,3FBAA35FE787D703,2014/12/05,30193.13490000000,35272.74740000000,2626.13659251000,418657.35830099997
143,6,KIAN TECK,JWSZ06,N,JURONG WEST,JW,WEST REGION,WR,9B1413350A34D0D4,2014/12/05,12929.74510000000,34857.75320000000,8830.55525832000,2098176.49641000014
144,7,SAFTI,JWSZ07,N,JURONG WEST,JW,WEST REGION,WR,A5DB0CB48852975E,2014/12/05,11290.26740000000,35199.67040000000,5137.71777156000,1524551.33501000004
145,8,WOODLEIGH,TPSZ08,N,TOA PAYOH,TP,CENTRAL REGION,CR,FA35D874BD766895,2014/12/05,31670.47850000000,35799.90190000000,3778.89057411000,813382.98136900004
146,4,TAMAN JURONG,JWSZ04,N,JURONG WEST,JW,WEST REGION,WR,832B7D27EAD276CE,2014/12/05,15522.03620000000,35189.13950000000,6583.69409641000,1484296.47313999990
147,4,LAKESIDE,JESZ04,N,JURONG EAST,JE,WEST REGION,WR,3BBFD45071B70ECF,2014/12/05,16697.01180000000,35114.90620000000,8828.63382968000,3108023.27377999993
148,1,TOA PAYOH WEST,TPSZ01,N,TOA PAYOH,TP,CENTRAL REGION,CR,F09D85529E92E6F5,2014/12/05,28943.19230000000,35787.34780000000,4516.83996636000,1037281.09446000005
149,1,KAKI BUKIT,BDSZ01,N,BEDOK,BD,EAST REGION,ER,0E5F89C6D8042867,2014/12/05,36485.39510000000,35307.04080000000,8153.88813505000,2820171.67855999991
150,2,YUHUA EAST,JESZ02,N,JURONG EAST,JE,WEST REGION,WR,703D4A0324A15A14,2014/12/05,17485.17540000000,35841.78000000000,4018.42101743000,924762.47740500001
151,9,BUKIT BATOK SOUTH,BKSZ09,N,BUKIT BATOK,BK,WEST REGION,WR,D5DC9A5BC8BC1AC1,2014/12/05,19631.87300000000,35910.96350000000,6998.80592435000,1806553.07642999990
152,9,JURONG WEST CENTRAL,JWSZ09,N,JURONG WEST,JW,WEST REGION,WR,1D90F8ED7A36C82C,2014/12/05,13396.62610000000,35811.72610000000,4649.79715009000,1404536.64286000002
153,2,BEDOK RESERVOIR,BDSZ02,N,BEDOK,BD,EAST REGION,ER,F3CEF1310CE15C52,2014/12/05,38351.11660000000,35800.60760000000,6899.52590019000,2379331.52887000004
154,1,TOH TUCK,CLSZ01,N,CLEMENTI,CL,WEST REGION,WR,0E1BA5E467E89BE8,2014/12/05,19433.12040000000,34884.24810000000,6119.88349736000,2077796.54658999993
155,5,MOUNT PLEASANT,NVSZ05,N,NOVENA,NV,CENTRAL REGION,CR,F910FC998DE2CB15,2014/12/05,27515.31250000000,35112.61830000000,7234.11074506000,3142950.10821000021
156,5,HILLCREST,BTSZ05,N,BUKIT TIMAH,BT,CENTRAL REGION,CR,1DC35394CBDDDADD,2014/12/05,25207.84260000000,35039.29420000000,7428.70026068000,2636483.25871000020
157,12,JOO SENG,TPSZ12,N,TOA PAYOH,TP,CENTRAL REGION,CR,33EC42B8FE3B21D0,2014/12/05,33454.06900000000,35419.72760000000,4254.53133336000,1057165.24420000007
158,5,CHIN BEE,JWSZ05,N,JURONG WEST,JW,WEST REGION,WR,E40040F5493ECE07,2014/12/05,14631.80590000000,35240.97030000000,4899.03395740000,1287949.82452000002
159,5,LORONG 8 TOA PAYOH,TPSZ05,N,TOA PAYOH,TP,CENTRAL REGION,CR,4A20B4AB7C41B9D6,2014/12/05,30646.84290000000,35893.11260000000,3271.27119241000,439646.76155800000
160,3,TOH GUAN,JESZ03,N,JURONG EAST,JE,WEST REGION,WR,013B509B8EDF15BE,2014/12/05,18294.17740000000,35518.17000000000,4462.31441206000,746882.30231800000
161,3,BRADDELL,TPSZ03,N,TOA PAYOH,TP,CENTRAL REGION,CR,849909336BD70CC9,2014/12/05,29811.60060000000,35855.51000000000,3513.75693546000,446241.79187500000
162,10,BIDADARI,TPSZ10,N,TOA PAYOH,TP,CENTRAL REGION,CR,B522727043B8AF0C,2014/12/05,32632.53940000000,35918.01500000000,3323.74283763000,572502.13977999997
163,4,ALJUNIED,GLSZ04,N,GEYLANG,GL,CENTRAL REGION,CR,83AFAB768B6B2B66,2014/12/05,33592.57590000000,32970.83010000000,7100.69907893000,2959367.62527999980
164,4,TYERSALL,TNSZ04,N,TANGLIN,TN,CENTRAL REGION,CR,DAC6AB8C67377C3B,2014/12/05,25732.65360000000,32985.84940000000,6430.98614739000,2158289.71574999997
165,2,MOULMEIN,NVSZ02,N,NOVENA,NV,CENTRAL REGION,CR,50F53AE70EC1A4A3,2014/12/05,29057.44150000000,33323.92210000000,5388.74193777000,1347456.01144000003
166,2,LIU FANG,BLSZ02,N,BOON LAY,BL,WEST REGION,WR,E793F02FC4904B9B,2014/12/05,14079.10040000000,33391.56230000000,7135.44250052000,2338909.48884999985
167,5,FRANKEL,BDSZ05,N,BEDOK,BD,EAST REGION,ER,B34F041CC4B050EC,2014/12/05,37694.55190000000,33007.26790000000,8750.38629062000,4297140.71351999976
168,4,CLEMENTI NORTH,CLSZ04,N,CLEMENTI,CL,WEST REGION,WR,FE2A39D748C39557,2014/12/05,20613.24500000000,33368.82250000000,4251.44536460000,991039.78066799999
169,7,LEEDON PARK,BTSZ07,N,BUKIT TIMAH,BT,CENTRAL REGION,CR,BE682D8040DECFEA,2014/12/05,23947.76400000000,33247.68110000000,7565.17005339000,2049551.24988000002
170,5,GEYLANG EAST,GLSZ05,N,GEYLANG,GL,CENTRAL REGION,CR,58687154BD252A0A,2014/12/05,35237.16810000000,33246.05870000000,7028.34007067000,2579087.16991000017
171,8,TEBAN GARDENS,JESZ08,N,JURONG EAST,JE,WEST REGION,WR,B2B5A419BCAB53ED,2014/12/05,17965.72250000000,33016.34030000000,8204.29735041000,3187584.07511000009
172,2,BOON LAY PLACE,JWSZ02,N,JURONG WEST,JW,WEST REGION,WR,87E39292C52D96D3,2014/12/05,14403.77880000000,36444.62750000000,3708.36628096000,906317.39067899995
173,8,BUKIT BATOK EAST,BKSZ08,N,BUKIT BATOK,BK,WEST REGION,WR,7CED8DCEA0FF3FC1,2014/12/05,19566.36130000000,36806.30150000000,2619.55237227000,380201.80275999999
174,6,BUKIT BATOK WEST,BKSZ06,N,BUKIT BATOK,BK,WEST REGION,WR,2CB400C307F6BCD9,2014/12/05,17865.88380000000,36623.21340000000,3414.79942773000,526383.35281499999
175,7,BUKIT BATOK CENTRAL,BKSZ07,N,BUKIT BATOK,BK,WEST REGION,WR,4CE31051AB87CA5E,2014/12/05,18773.55780000000,36680.05240000000,3782.82695881000,800298.56447500002
176,7,UPPER PAYA LEBAR,SGSZ07,N,SERANGOON,SG,NORTH-EAST REGION,NER,85166B505D7B3F6B,2014/12/05,32866.52290000000,36522.07410000000,4658.99942771000,898561.29957799998
177,3,HONG KAH,JWSZ03,N,JURONG WEST,JW,WEST REGION,WR,714E35D7866DC63D,2014/12/05,15507.93460000000,36890.28100000000,5589.78456121000,1793463.63134999992
178,2,TUAS PROMENADE,TSSZ02,N,TUAS,TS,WEST REGION,WR,F2BFB371A2C0DEFA,2014/12/05,5918.99560000000,34910.58210000000,13318.77339510000,3188097.30623999983
179,4,AIRPORT ROAD,PLSZ04,N,PAYA LEBAR,PL,EAST REGION,ER,2C840AED9CEFDB07,2014/12/05,35133.31540000000,37075.31840000000,3433.88480442000,494504.06813700002
180,6,SERANGOON CENTRAL,SGSZ06,N,SERANGOON,SG,NORTH-EAST REGION,NER,3E0A343DED145DD2,2014/12/05,32157.37460000000,37148.60700000000,4784.62316929000,1061889.35275999992
181,3,BISHAN EAST,BSSZ03,N,BISHAN,BS,CENTRAL REGION,CR,54980EC3DD176721,2014/12/05,30191.90920000000,36882.19390000000,5680.71940217000,1794461.26208000001
182,3,TAMPINES WEST,TMSZ03,N,TAMPINES,TM,EAST REGION,ER,2E3EA3D1BBF9A601,2014/12/05,39421.65710000000,36739.20690000000,8058.33566026000,3475209.88854999980
183,3,BRICKWORKS,BKSZ03,N,BUKIT BATOK,BK,WEST REGION,WR,56BA53C9A2E97051,2014/12/05,17861.63640000000,37527.33440000000,4392.36221458000,1225673.64889000007
184,9,DEFU INDUSTRIAL PARK,HGSZ09,N,HOUGANG,HG,NORTH-EAST REGION,NER,6BA8E702DD748D19,2014/12/05,34951.39610000000,37089.43300000000,8517.59616931000,1974371.71185000008
185,4,GUILIN,BKSZ04,N,BUKIT BATOK,BK,WEST REGION,WR,1EC9354628DA67BE,2014/12/05,19151.82760000000,37505.97930000000,5564.33323058000,1085080.08317000000
186,2,MARYMOUNT,BSSZ02,N,BISHAN,BS,CENTRAL REGION,CR,1363543F3E7844CC,2014/12/05,29287.58530000000,37383.76400000000,6383.47927280000,1964134.53194999998
187,1,WENYA,JWSZ01,N,JURONG WEST,JW,WEST REGION,WR,A6921D5CCCE1A298,2014/12/05,13953.52710000000,37532.72090000000,5864.59281750000,1974943.24460000009
188,7,NATURE RESERVE,BPSZ07,N,BUKIT PANJANG,BP,WEST REGION,WR,5E964070D9B0D244,2014/12/05,21822.62730000000,37285.26150000000,9051.90911918000,4141322.43090000004
189,2,TAMPINES EAST,TMSZ02,N,TAMPINES,TM,EAST REGION,ER,21658EAAF84F4D8D,2014/12/05,41122.54700000000,37392.38900000000,10180.62409140000,4339824.13578000013
190,8,TAI SENG,HGSZ08,N,HOUGANG,HG,NORTH-EAST REGION,NER,83A61CB3DD808C5B,2014/12/05,34043.04540000000,36213.01160000000,6396.62838397000,1796058.93467999995
191,1,TENGEH,TSSZ01,N,TUAS,TS,WEST REGION,WR,A74ED9CED03678BA,2014/12/05,7798.16770000000,35535.61270000000,9918.46418022000,2251155.70408000005
192,1,YUHUA WEST,JESZ01,N,JURONG EAST,JE,WEST REGION,WR,6C125B9A8CCB91DA,2014/12/05,16721.25250000000,36571.26460000000,3817.52107182000,776142.49247599998
193,8,YUNNAN,JWSZ08,N,JURONG WEST,JW,WEST REGION,WR,D3B6116B19FF864D,2014/12/05,12593.14120000000,36299.93350000000,7192.20867524000,2206305.00909999991
194,5,LORONG CHUAN,SGSZ05,N,SERANGOON,SG,NORTH-EAST REGION,NER,8CF45D8EE07ED019,2014/12/05,31327.76280000000,36732.63160000000,5440.34732379000,1180126.11150000012
195,4,DUNEARN,NVSZ04,N,NOVENA,NV,CENTRAL REGION,CR,E55224E9EB1AAB39,2014/12/05,26525.52780000000,34268.85470000000,4827.40826399000,1229894.41653999989
196,2,SUNSET WAY,CLSZ02,N,CLEMENTI,CL,WEST REGION,WR,D310037B2BD7FD2C,2014/12/05,20805.31310000000,34279.45210000000,4572.13049642000,964682.67927299999
197,2,MACPHERSON,GLSZ02,N,GEYLANG,GL,CENTRAL REGION,CR,A6E1CADF14D4862F,2014/12/05,33774.34830000000,34399.16140000000,4585.78817982000,1263409.40397000010
198,7,KIM KEAT,TPSZ07,N,TOA PAYOH,TP,CENTRAL REGION,CR,7E3E15992F058B10,2014/12/05,30817.60610000000,34898.89680000000,2500.85227084000,369770.56315000000
199,4,BEDOK NORTH,BDSZ04,N,BEDOK,BD,EAST REGION,ER,A2254301F85C1EDF,2014/12/05,39429.21040000000,34737.61940000000,8414.96210185000,3203663.49324000021
200,2,TOA PAYOH CENTRAL,TPSZ02,N,TOA PAYOH,TP,CENTRAL REGION,CR,F05298981CE86DAB,2014/12/05,29409.74380000000,34982.19620000000,5201.96875215000,1107267.03579000011
201,1,PAYA LEBAR NORTH,PLSZ01,N,PAYA LEBAR,PL,EAST REGION,ER,3B624AD13872144A,2014/12/05,38291.97880000000,39463.33190000000,4812.86290481000,1287387.26346000005
202,3,HOUGANG EAST,HGSZ03,N,HOUGANG,HG,NORTH-EAST REGION,NER,EED5DED3CE2CF722,2014/12/05,35128.00080000000,39812.38570000000,3960.44686192000,842667.62612200005
203,10,LORONG HALUS,HGSZ10,N,HOUGANG,HG,NORTH-EAST REGION,NER,F0518D430182A509,2014/12/05,35870.25680000000,39071.43840000000,5788.96000094000,1333532.98619999993
204,2,KANGKAR,HGSZ02,N,HOUGANG,HG,NORTH-EAST REGION,NER,BE2E2BB27D14DC52,2014/12/05,35222.44090000000,39071.33990000000,5617.43081118000,1007410.00225000002
205,7,SEMBAWANG HILLS,AMSZ07,N,ANG MO KIO,AM,NORTH-EAST REGION,NER,FE6D048ED663500B,2014/12/05,27715.92360000000,39634.52900000000,4326.11127378000,894516.07576499996
206,5,JELEBU,BPSZ05,N,BUKIT PANJANG,BP,WEST REGION,WR,61A034F12715D43D,2014/12/05,20535.39010000000,39769.44450000000,3992.42603071000,911208.28504600003
207,2,KEAT HONG,CKSZ02,N,CHOA CHU KANG,CK,WEST REGION,WR,8ADEB58B9C197CD0,2014/12/05,18333.67400000000,39720.61970000000,4680.78329119000,1143813.67458000011
208,4,HOUGANG WEST,HGSZ04,N,HOUGANG,HG,NORTH-EAST REGION,NER,27B0E0BDE3579753,2014/12/05,33849.22050000000,39506.87240000000,6424.48213864000,1328876.19766000006
209,3,PAYA LEBAR WEST,PLSZ03,N,PAYA LEBAR,PL,EAST REGION,ER,4BADA58E2612A6E2,2014/12/05,36649.31060000000,39403.48730000000,5898.47569455000,609894.66804899997
210,4,BANGKIT,BPSZ04,N,BUKIT PANJANG,BP,WEST REGION,WR,434BCF269E20F681,2014/12/05,21431.22860000000,39899.52720000000,4350.13572206000,763183.42944500002
211,1,ANAK BUKIT,BTSZ01,N,BUKIT TIMAH,BT,CENTRAL REGION,CR,22AC7070AFD473BD,2014/12/05,21127.19180000000,35561.88400000000,7637.80947893000,2768353.55735999998
212,2,SWISS CLUB,BTSZ02,N,BUKIT TIMAH,BT,CENTRAL REGION,CR,7AED94EB01C4B0C6,2014/12/05,23436.26880000000,35866.36790000000,8976.74405286000,3467036.98457999993
213,5,XILIN,TMSZ05,N,TAMPINES,TM,EAST REGION,ER,1511CC4BB4BE642B,2014/12/05,43110.61410000000,34607.31320000000,12926.04699380000,7833992.84482999984
214,4,SIMEI,TMSZ04,N,TAMPINES,TM,EAST REGION,ER,80BC46AD51E70C08,2014/12/05,41431.06310000000,35870.78520000000,7402.56077942000,2778635.65530000022
215,4,PENG SIANG,CKSZ04,N,CHOA CHU KANG,CK,WEST REGION,WR,38D2C20DFB2C1BB6,2014/12/05,17462.29200000000,40146.41130000000,4555.05795281000,862737.09079299995
216,2,PASIR RIS WEST,PRSZ02,N,PASIR RIS,PR,EAST REGION,ER,504681216FE2A24B,2014/12/05,39851.40920000000,40140.22370000000,5128.49489035000,1583440.16442000004
217,9,YIO CHU KANG WEST,AMSZ09,N,ANG MO KIO,AM,NORTH-EAST REGION,NER,34215498CFFEE6DF,2014/12/05,28750.49790000000,40360.62620000000,3707.00572695000,846137.19730999996
218,5,TRAFALGAR,HGSZ05,N,HOUGANG,HG,NORTH-EAST REGION,NER,86A32783BB5CDD32,2014/12/05,33351.52180000000,40336.79750000000,6199.26749111000,1744387.40739000007
219,1,TECK WHYE,CKSZ01,N,CHOA CHU KANG,CK,WEST REGION,WR,B0AC5DFFC3C9CC3B,2014/12/05,19269.99420000000,40394.10500000000,4531.98145589000,1001591.78599000000
220,3,CHOA CHU KANG CENTRAL,CKSZ03,N,CHOA CHU KANG,CK,WEST REGION,WR,CCB9716DE31DDEF5,2014/12/05,18465.67200000000,40772.92070000000,4202.49660819000,1097298.79854000011
221,2,CHANGI WEST,CHSZ02,N,CHANGI,CH,EAST REGION,ER,7460F2CFB1D7D36C,2014/12/05,44092.33800000000,38928.65850000000,14918.10822070000,4848516.74046000000
222,3,FAJAR,BPSZ03,N,BUKIT PANJANG,BP,WEST REGION,WR,2F183C2676E91CD1,2014/12/05,21080.95730000000,40748.09260000000,3800.60894051000,668454.43926100002
223,1,SENJA,BPSZ01,N,BUKIT PANJANG,BP,WEST REGION,WR,E8D08EFDCD0D5E22,2014/12/05,19897.94660000000,40895.36370000000,3836.25422873000,624877.50011599995
224,2,SAUJANA,BPSZ02,N,BUKIT PANJANG,BP,WEST REGION,WR,BAD02A93A41830EC,2014/12/05,20536.71450000000,40906.65310000000,3686.69056677000,674992.00093900005
225,1,SELETAR HILLS,SGSZ01,N,SERANGOON,SG,NORTH-EAST REGION,NER,AE4E2159139560B6,2014/12/05,31676.96260000000,40603.19890000000,6498.65107142000,2330683.26441999990
226,5,COMPASSVALE,SESZ05,N,SENGKANG,SE,NORTH-EAST REGION,NER,380E7DCFD2E09905,2014/12/05,34304.25050000000,40761.09080000000,5216.01738046000,1093213.49087000010
227,12,YIO CHU KANG EAST,AMSZ12,N,ANG MO KIO,AM,NORTH-EAST REGION,NER,75F91E9882406325,2014/12/05,30234.36820000000,40602.65080000000,5592.19108104000,1861872.04191999999
228,10,YIO CHU KANG,AMSZ10,N,ANG MO KIO,AM,NORTH-EAST REGION,NER,5E2B16BB381BAEA4,2014/12/05,29443.74470000000,40836.02070000000,4533.21836353000,909418.56768900005
229,6,LOYANG WEST,PRSZ06,N,PASIR RIS,PR,EAST REGION,ER,05FD555397CBEE7A,2014/12/05,43294.83370000000,39888.77160000000,6203.00206517000,2114789.48841000022
230,8,TAGORE,AMSZ08,N,ANG MO KIO,AM,NORTH-EAST REGION,NER,DECC20CBAF2CD0C4,2014/12/05,27445.77130000000,40971.42440000000,8162.60017367000,3334192.44168999977
231,7,LORONG AH SOO,HGSZ07,N,HOUGANG,HG,NORTH-EAST REGION,NER,6EDE1DB873D24BDD,2014/12/05,33930.31690000000,37657.02600000000,5438.21102190000,1515533.89128000010
232,8,FLORA DRIVE,PRSZ08,N,PASIR RIS,PR,EAST REGION,ER,FA9C76B49B6D0C95,2014/12/05,42801.73490000000,37930.54890000000,3956.61577684000,944998.44886000000
233,5,HILLVIEW,BKSZ05,N,BUKIT BATOK,BK,WEST REGION,WR,3111003F85F45513,2014/12/05,20276.65290000000,37526.45820000000,6673.93400425000,1990788.39736000006
234,1,CHANGI BAY,CBSZ01,N,CHANGI BAY,CB,EAST REGION,ER,ACFD43D8AE3F7B3F,2014/12/05,49502.48660000000,34316.54420000000,18731.55996590000,1829821.68984999997
235,2,PAYA LEBAR EAST,PLSZ02,N,PAYA LEBAR,PL,EAST REGION,ER,389E16D1B4BCDE92,2014/12/05,38065.44830000000,37522.39600000000,7470.11195193000,2259239.73967000004
236,1,UPPER THOMSON,BSSZ01,N,BISHAN,BS,CENTRAL REGION,CR,0ABCF49C51112DC2,2014/12/05,27884.68720000000,37749.39370000000,10082.07530100000,3860324.99442999996
237,2,HONG KAH NORTH,BKSZ02,N,BUKIT BATOK,BK,WEST REGION,WR,7688003183213EBF,2014/12/05,18505.46530000000,38307.46840000000,3842.99403042000,859179.18007600005
238,4,TOWNSVILLE,AMSZ04,N,ANG MO KIO,AM,NORTH-EAST REGION,NER,377A4E677018DDF9,2014/12/05,29686.46800000000,38599.49950000000,3313.31741260000,546403.86347600003
239,6,KOVAN,HGSZ06,N,HOUGANG,HG,NORTH-EAST REGION,NER,19C0ECAF2E3AE59A,2014/12/05,33270.79130000000,38331.47680000000,5644.28774956000,1948613.20543999993
240,3,CHONG BOON,AMSZ03,N,ANG MO KIO,AM,NORTH-EAST REGION,NER,94B98B182E1B853F,2014/12/05,30485.51090000000,38478.99300000000,4710.53872999000,1078622.32407000009
241,5,SHANGRI-LA,AMSZ05,N,ANG MO KIO,AM,NORTH-EAST REGION,NER,B208B7127D3E0A31,2014/12/05,28564.71560000000,38888.92090000000,4019.22952597000,687930.09696600004
242,4,SERANGOON GARDEN,SGSZ04,N,SERANGOON,SG,NORTH-EAST REGION,NER,9E333AF1E3047F58,2014/12/05,31710.82270000000,38310.22430000000,6972.41909361000,3023148.98135000002
243,1,HOUGANG CENTRAL,HGSZ01,N,HOUGANG,HG,NORTH-EAST REGION,NER,C4419A9A8D05E0DF,2014/12/05,34470.70050000000,39076.59630000000,2759.81546608000,441733.44016400003
244,7,LOYANG EAST,PRSZ07,N,PASIR RIS,PR,EAST REGION,ER,4B656D023BC2388D,2014/12/05,43592.33110000000,38890.09480000000,4185.46289802000,970068.07223100006
245,6,DAIRY FARM,BPSZ06,N,BUKIT PANJANG,BP,WEST REGION,WR,FE385B2E17662DDF,2014/12/05,21181.12000000000,38939.83750000000,4814.19537542000,1235901.75169999991
246,5,PASIR RIS DRIVE,PRSZ05,N,PASIR RIS,PR,EAST REGION,ER,2B73597AF3F174F3,2014/12/05,42032.45800000000,38988.21870000000,5311.06036561000,1639669.01652999991
247,1,TAMPINES NORTH,TMSZ01,N,TAMPINES,TM,EAST REGION,ER,619A4A5A72D3F75A,2014/12/05,39763.94230000000,38698.16920000000,7128.35539054000,2543106.63426999981
248,2,CHENG SAN,AMSZ02,N,ANG MO KIO,AM,NORTH-EAST REGION,NER,504511A82C516D62,2014/12/05,30312.19230000000,39413.34780000000,4218.95806162000,955710.18870099995
249,1,ANG MO KIO TOWN CENTRE,AMSZ01,N,ANG MO KIO,AM,NORTH-EAST REGION,NER,B996E2754B3DA5E1,2014/12/05,29501.76590000000,39419.40490000000,2642.20877721000,316882.01718700002
250,6,KEBUN BAHRU,AMSZ06,N,ANG MO KIO,AM,NORTH-EAST REGION,NER,60BFB1E98CF343F9,2014/12/05,28700.16740000000,39496.50610000000,4288.19423135000,1046417.00003000000
251,2,SERANGOON NORTH IND ESTATE,SGSZ02,N,SERANGOON,SG,NORTH-EAST REGION,NER,2648D1D39685215F,2014/12/05,31498.87840000000,39642.22230000000,4299.21119877000,921430.94881099998
252,1,TENGAH,THSZ01,N,TENGAH,TH,WEST REGION,WR,7E6091D123C993EB,2014/12/05,16363.18930000000,38432.54740000000,12808.87653240000,7370557.68173000030
253,3,SERANGOON NORTH,SGSZ03,N,SERANGOON,SG,NORTH-EAST REGION,NER,C685042EC58E5C55,2014/12/05,32458.80310000000,39597.64010000000,3610.73240827000,684704.30049699999
254,3,PASIR RIS CENTRAL,PRSZ03,N,PASIR RIS,PR,EAST REGION,ER,FF244AAC9D31CDAF,2014/12/05,40755.90170000000,39341.74770000000,5273.23900210000,1511487.38407999999
255,1,GOMBAK,BKSZ01,N,BUKIT BATOK,BK,WEST REGION,WR,1DCF02A5C4038697,2014/12/05,19560.70280000000,39034.54400000000,7921.55721089000,2459098.26540999999
256,5,PLAB,PLSZ05,N,PAYA LEBAR,PL,EAST REGION,ER,C3865987F1E8B141,2014/12/05,36691.91130000000,37730.72320000000,11966.01675700000,7034806.47174999956
257,1,KRANJI,SKSZ01,N,SUNGEI KADUT,SK,NORTH REGION,NR,3487338E07E5DE5F,2014/12/05,19766.84320000000,46226.35450000000,7899.95234274000,3652031.03287999984
258,4,PASIR RIS PARK,PRSZ04,N,PASIR RIS,PR,EAST REGION,ER,9856E3CDCF57AD96,2014/12/05,41529.79800000000,40218.94370000000,8533.96399773000,1719704.59507000004
259,5,CHOA CHU KANG NORTH,CKSZ05,N,CHOA CHU KANG,CK,WEST REGION,WR,1ED0377B40E71BDA,2014/12/05,18347.56820000000,41593.76480000000,4552.31474589000,1088638.01431000000
260,2,RIVERVALE,SESZ02,N,SENGKANG,SE,NORTH-EAST REGION,NER,986666487FF7CF78,2014/12/05,35977.61130000000,41060.80240000000,6315.95441659000,1569034.78420000011
261,7,SENGKANG WEST,SESZ07,N,SENGKANG,SE,NORTH-EAST REGION,NER,53C82220D68B4128,2014/12/05,31319.94310000000,41936.67860000000,5991.02000779000,1670029.85565999988
262,6,FERNVALE,SESZ06,N,SENGKANG,SE,NORTH-EAST REGION,NER,C2885440D673A7A2,2014/12/05,32806.29150000000,41896.36850000000,6491.76794385000,2391082.76469000010
263,4,PUNGGOL FIELD,PGSZ04,N,PUNGGOL,PG,NORTH-EAST REGION,NER,7462F6141FA74A37,2014/12/05,36673.89940000000,41847.09020000000,5229.11611385000,1378710.53569999989
264,6,YEW TEE,CKSZ06,N,CHOA CHU KANG,CK,WEST REGION,WR,D172AF50E2754CBF,2014/12/05,18498.11390000000,42506.07430000000,3715.39422999000,923214.74870000000
265,1,PASIR RIS WAFER FAB PARK,PRSZ01,N,PASIR RIS,PR,EAST REGION,ER,9658EA18C574343B,2014/12/05,38612.49650000000,41196.68190000000,10606.64690420000,5325421.57515999954
266,3,MATILDA,PGSZ03,N,PUNGGOL,PG,NORTH-EAST REGION,NER,14D0DB33976B7B81,2014/12/05,35089.98530000000,42728.27450000000,5361.91596413000,1418284.25472999993
267,5,WATERWAY EAST,PGSZ05,N,PUNGGOL,PG,NORTH-EAST REGION,NER,A9E7E4A7DEE0B6F2,2014/12/05,37063.22380000000,42568.22370000000,5391.06510657000,1489246.88272000011
268,3,GALI BATU,SKSZ03,N,SUNGEI KADUT,SK,NORTH REGION,NR,B462B6D7566CF5CD,2014/12/05,20165.06870000000,42429.24080000000,9036.68277072000,5186128.07725000009
269,3,CHANGI AIRPORT,CHSZ03,N,CHANGI,CH,EAST REGION,ER,70B39BA5469B9018,2014/12/05,46661.84900000000,36599.81580000000,28163.22826820000,35096028.58699999750
270,11,YIO CHU KANG NORTH,AMSZ11,N,ANG MO KIO,AM,NORTH-EAST REGION,NER,CCAEEFD474A4B1A3,2014/12/05,29505.98770000000,41733.44010000000,6445.24298189000,1463278.17949000001
271,1,CHANGI POINT,CHSZ01,N,CHANGI,CH,EAST REGION,ER,0F530A1557E9AF1F,2014/12/05,44603.63260000000,41360.41860000000,4897.48236282000,995944.76543599996
272,3,SENGKANG TOWN CENTRE,SESZ03,N,SENGKANG,SE,NORTH-EAST REGION,NER,5A2D0E9E6B285069,2014/12/05,35163.81200000000,41501.14180000000,5216.40050197000,1455507.85939000011
273,4,ANCHORVALE,SESZ04,N,SENGKANG,SE,NORTH-EAST REGION,NER,F00F5344E293F642,2014/12/05,34218.53540000000,41815.31600000000,5112.46178675000,1499108.62608000007
274,1,LORONG HALUS NORTH,SESZ01,N,SENGKANG,SE,NORTH-EAST REGION,NER,4A9FCDF7EAE9BEAE,2014/12/05,36619.21530000000,40404.61570000000,3930.09675185000,924866.01648500003
275,4,YISHUN SOUTH,YSSZ04,N,YISHUN,YS,NORTH REGION,NR,42D160EC51F711D5,2014/12/05,28500.54670000000,44471.67350000000,5781.58805086000,1340167.98833000008
276,5,LOWER SELETAR,YSSZ05,N,YISHUN,YS,NORTH REGION,NR,CF8B2D55A2958851,2014/12/05,29437.61950000000,43432.04540000000,15209.76279330000,8453312.37973999977
277,1,NORTHSHORE,PGSZ01,N,PUNGGOL,PG,NORTH-EAST REGION,NER,317584A40150FF3F,2014/12/05,36169.55740000000,44222.76550000000,5355.63711782000,1360000.63134999992
278,3,MANDAI ESTATE,MDSZ03,N,MANDAI,MD,NORTH REGION,NR,F6266F7368DBB9AB,2014/12/05,27082.69800000000,45367.46030000000,1633.70841599000,143137.94105400000
279,1,YISHUN CENTRAL,YSSZ01,N,YISHUN,YS,NORTH REGION,NR,796B74418F857A6C,2014/12/05,28483.07050000000,45383.33440000000,2549.64318227000,436368.53382600000
280,3,PULAU PUNGGOL TIMOR,SLSZ03,N,SELETAR,SL,NORTH-EAST REGION,NER,DF9C2E922175C69D,2014/12/05,34428.84910000000,44535.89770000000,4817.80370555000,1259743.11329000001
281,2,TURF CLUB,SKSZ02,N,SUNGEI KADUT,SK,NORTH REGION,NR,17459E60C3EEAF30,2014/12/05,20234.60060000000,44507.19010000000,7665.67601943000,3291405.50569000002
282,4,WOODLANDS SOUTH,WDSZ04,N,WOODLANDS,WD,NORTH REGION,NR,8A4E14DAC4ACE11C,2014/12/05,23609.57300000000,45692.87850000000,5211.38443467000,1576001.47579000005
283,5,WOODGROVE,WDSZ05,N,WOODLANDS,WD,NORTH REGION,NR,B1222FC839464134,2014/12/05,21905.28490000000,45668.04110000000,6284.59972451000,1665469.26017999998
284,3,YISHUN EAST,YSSZ03,N,YISHUN,YS,NORTH REGION,NR,7E20200E3D7B0C16,2014/12/05,29476.59950000000,45515.71960000000,5945.70409919000,1767092.89647000004
285,1,WESTERN WATER CATCHMENT,WCSZ01,N,WESTERN WATER CATCHMENT,WC,WEST REGION,WR,82062B23CEEE75F2,2014/12/05,12020.34200000000,40454.87100000000,44305.66056810000,69748298.79199999571
286,2,PULAU PUNGGOL BARAT,SLSZ02,N,SELETAR,SL,NORTH-EAST REGION,NER,20F2831A2780CFEB,2014/12/05,33050.09760000000,45213.53470000000,6251.20779583000,2050051.22475999990
287,9,YISHUN WEST,YSSZ09,N,YISHUN,YS,NORTH REGION,NR,95C11920195B86C7,2014/12/05,27743.26680000000,45873.60060000000,5318.57926605000,1517767.38917000010
288,1,WOODLANDS REGIONAL CENTRE,WDSZ01,N,WOODLANDS,WD,NORTH REGION,NR,8AEF535CD000EA39,2014/12/05,22571.20940000000,46698.87350000000,3254.34327541000,595652.14390400006
289,5,RESERVOIR VIEW,SKSZ05,N,SUNGEI KADUT,SK,NORTH REGION,NR,40050ADDFBCC870F,2014/12/05,18367.17100000000,45940.48680000000,10399.42448480000,3284130.41989000002
290,3,WOODLANDS EAST,WDSZ03,N,WOODLANDS,WD,NORTH REGION,NR,C90769E43EE6B0F2,2014/12/05,24506.63750000000,46991.63000000000,6603.60830097000,2553463.72391999979
291,3,SEMBAWANG CENTRAL,SBSZ03,N,SEMBAWANG,SB,NORTH REGION,NR,772A64AB9A93FC3A,2014/12/05,26268.73260000000,47558.08040000000,3955.11763685000,962437.40313500003
292,7,GREENWOOD PARK,WDSZ07,N,WOODLANDS,WD,NORTH REGION,NR,A38714A4F4163DCE,2014/12/05,22608.38940000000,47660.06450000000,4620.86556655000,1281296.51028999989
293,1,SEMBAWANG EAST,SBSZ01,N,SEMBAWANG,SB,NORTH REGION,NR,5C6A0B0C3E280F49,2014/12/05,27788.94030000000,47682.83200000000,3494.97341256000,758123.45993400004
294,8,SENOKO WEST,WDSZ08,N,WOODLANDS,WD,NORTH REGION,NR,ACD9BD92A81177CE,2014/12/05,23921.55120000000,48088.74100000000,3966.74096881000,905921.11785200005
295,4,PULAU SELETAR,SMSZ04,N,SIMPANG,SM,NORTH REGION,NR,66E54DD5CE0C71A2,2014/12/05,31511.01400000000,47245.33290000000,5466.04826913000,1611278.67537999991
296,5,ADMIRALTY,SBSZ05,N,SEMBAWANG,SB,NORTH REGION,NR,2E2DB30B78E2AC57,2014/12/05,27091.27550000000,48333.80050000000,4534.25188836000,1261648.74800999998
297,1,LIM CHU KANG,LKSZ01,N,LIM CHU KANG,LK,NORTH REGION,NR,E4489A0861169020,2014/12/05,15309.81680000000,45819.04140000000,18733.83625090000,17494884.18420000002
298,1,SIMPANG NORTH,SMSZ01,N,SIMPANG,SM,NORTH REGION,NR,19529EBD71A301DD,2014/12/05,29388.71390000000,47645.27680000000,9071.75244948000,3450455.35948000010
299,9,SENOKO SOUTH,SBSZ09,N,SEMBAWANG,SB,NORTH REGION,NR,01A4287FB060A0A6,2014/12/05,25130.65500000000,48346.03260000000,5262.56276522000,1741957.36278000008
300,4,SEMBAWANG NORTH,SBSZ04,N,SEMBAWANG,SB,NORTH REGION,NR,F4016BB091C51693,2014/12/05,26038.80840000000,48732.90570000000,5519.93484495000,1394865.68388999999
301,2,TANJONG IRAU,SMSZ02,N,SIMPANG,SM,NORTH REGION,NR,74181C5882F588F0,2014/12/05,29959.63120000000,48428.17340000000,4322.19523418000,1074375.12116999994
302,1,NORTH-EASTERN ISLANDS,NESZ01,N,NORTH-EASTERN ISLANDS,NE,NORTH-EAST REGION,NER,92BC3E09C68F3B52,2014/12/05,50424.79230000000,42612.87840000000,62436.23535000000,67250562.95999999344
303,2,MANDAI EAST,MDSZ02,N,MANDAI,MD,NORTH REGION,NR,44831379A129F359,2014/12/05,25739.27360000000,45391.76480000000,11572.52954070000,7235809.44141000044
304,3,SIMPANG SOUTH,SMSZ03,N,SIMPANG,SM,NORTH REGION,NR,86605C93A9575D00,2014/12/05,30567.89980000000,46241.49690000000,7166.91366178000,2147082.06660000002
305,2,NORTHLAND,YSSZ02,N,YISHUN,YS,NORTH REGION,NR,A0E30DFB562910D3,2014/12/05,28520.58140000000,46642.72430000000,5057.11992149000,1511000.36309999996
306,2,MIDVIEW,WDSZ02,N,WOODLANDS,WD,NORTH REGION,NR,42D5F52D334C615F,2014/12/05,23349.76000000000,46841.11430000000,4159.20144038000,936415.52611099998
307,6,WOODLANDS WEST,WDSZ06,N,WOODLANDS,WD,NORTH REGION,NR,4215C006676A7D38,2014/12/05,21582.59030000000,46573.02490000000,5929.64468681000,1648629.90868999995
308,2,SEMBAWANG SPRINGS,SBSZ02,N,SEMBAWANG,SB,NORTH REGION,NR,C739B507A1ACBDB3,2014/12/05,27076.81180000000,46959.08860000000,4212.04224667000,1099394.72041000007
309,6,SPRINGLEAF,YSSZ06,N,YISHUN,YS,NORTH REGION,NR,5D0241839A91E181,2014/12/05,26969.72320000000,42586.21600000000,6912.80078042000,2209210.70520000020
310,2,PUNGGOL TOWN CENTRE,PGSZ02,N,PUNGGOL,PG,NORTH-EAST REGION,NER,625C5BEC57D068FE,2014/12/05,35602.37770000000,43427.51100000000,4896.76750758000,1264384.78903000010
311,7,NEE SOON,YSSZ07,N,YISHUN,YS,NORTH REGION,NR,4AAC92E24CAB13A5,2014/12/05,25921.72450000000,43261.52250000000,7074.07077846000,2206695.55494000018
312,6,PUNGGOL CANAL,PGSZ06,N,PUNGGOL,PG,NORTH-EAST REGION,NER,4577C2B37C75D519,2014/12/05,37408.84220000000,43168.57020000000,6279.46484344000,1265919.30435000011
313,1,CENTRAL WATER CATCHMENT,CCSZ01,N,CENTRAL WATER CATCHMENT,CC,NORTH REGION,NR,52D00685FE621970,2014/12/05,24424.41830000000,39849.04560000000,30538.24617680000,37147854.45629999787
314,4,SELETAR,SLSZ04,N,SELETAR,SL,NORTH-EAST REGION,NER,E63BBDBBA2B092AF,2014/12/05,33371.54990000000,43425.08950000000,8487.27447616000,3916069.33746000007
315,4,PANG SUA,SKSZ04,N,SUNGEI KADUT,SK,NORTH REGION,NR,310C8087D7221C08,2014/12/05,18535.56770000000,43826.08360000000,7561.99010711000,2175380.05847000005
316,1,SELETAR AEROSPACE PARK,SLSZ01,N,SELETAR,SL,NORTH-EAST REGION,NER,0C69219764BD4C25,2014/12/05,31690.73000000000,43796.91170000000,8946.56046482000,3621841.18282999983
317,8,KHATIB,YSSZ08,N,YISHUN,YS,NORTH REGION,NR,DC75517DA31123DB,2014/12/05,27480.63570000000,44420.68840000000,4956.14573523000,1432913.06236999994
318,1,MANDAI WEST,MDSZ01,N,MANDAI,MD,NORTH REGION,NR,FFCCF172717C2EAF,2014/12/05,22549.07360000000,44455.84740000000,9630.62718980000,4387133.11735999957
319,7,CONEY ISLAND,PGSZ07,N,PUNGGOL,PG,NORTH-EAST REGION,NER,8B13A48924BBE015,2014/12/05,37928.49760000000,43351.37430000000,5670.13705749000,1200804.56303999992
320,9,NORTH COAST,WDSZ09,N,WOODLANDS,WD,NORTH REGION,NR,898B2436858382A1,2014/12/05,22147.03600000000,48031.55220000000,10847.88198120000,2450783.60663999990
321,6,SEMBAWANG STRAITS,SBSZ06,N,SEMBAWANG,SB,NORTH REGION,NR,AA1A638CA2B0D5B7,2014/12/05,28352.47740000000,48918.27490000000,7217.38837153000,1540733.67464000010
322,7,THE WHARVES,SBSZ07,N,SEMBAWANG,SB,NORTH REGION,NR,6D89875A351CF51C,2014/12/05,26945.06800000000,49552.79040000000,11828.87771880000,1635808.12858000002
323,8,SENOKO NORTH,SBSZ08,N,SEMBAWANG,SB,NORTH REGION,NR,A800CBEE879C1BF9,2014/12/05,24665.78780000000,49482.59530000000,7392.12885110000,2241386.61934000021
